user,password
abcnesh1@gmail.com,Victor@07
abcnesh2@gmail.com,Victor@08
abcnesh3@gmail.com,Victor@09
abcnesh4@gmail.com,Victor@10
abcnesh5@gmail.com,Victor@11
abcnesh6@gmail.com,Victor@12
abcnesh7@gmail.com,Victor@13
abcnesh8@gmail.com,Victor@14
abcnesh9@gmail.com,Victor@15
abcnesh10@gmail.com,Victor@16
abcnesh11@gmail.com,Victor@17
abcnesh12@gmail.com,Victor@18
abcnesh13@gmail.com,Victor@19
abcnesh14@gmail.com,Victor@20
abcnesh15@gmail.com,Victor@21
abcnesh16@gmail.com,Victor@22
abcnesh17@gmail.com,Victor@23
abcnesh18@gmail.com,Victor@24
abcnesh19@gmail.com,Victor@25
abcnesh20@gmail.com,Victor@26
abcnesh21@gmail.com,Victor@27
abcnesh22@gmail.com,Victor@28
abcnesh23@gmail.com,Victor@29
abcnesh24@gmail.com,Victor@30
abcnesh25@gmail.com,Victor@31
abcnesh26@gmail.com,Victor@32
abcnesh27@gmail.com,Victor@33
abcnesh28@gmail.com,Victor@34
abcnesh29@gmail.com,Victor@35
abcnesh30@gmail.com,Victor@36
abcnesh31@gmail.com,Victor@37
abcnesh32@gmail.com,Victor@38
abcnesh33@gmail.com,Victor@39
abcnesh34@gmail.com,Victor@40
abcnesh35@gmail.com,Victor@41
abcnesh36@gmail.com,Victor@42
abcnesh37@gmail.com,Victor@43
abcnesh38@gmail.com,Victor@44
abcnesh39@gmail.com,Victor@45
abcnesh40@gmail.com,Victor@46
abcnesh41@gmail.com,Victor@47
abcnesh42@gmail.com,Victor@48
abcnesh43@gmail.com,Victor@49
abcnesh44@gmail.com,Victor@50
abcnesh45@gmail.com,Victor@51
abcnesh46@gmail.com,Victor@52
abcnesh47@gmail.com,Victor@53
abcnesh48@gmail.com,Victor@54
abcnesh49@gmail.com,Victor@55
abcnesh50@gmail.com,Victor@56
abcnesh51@gmail.com,Victor@57
abcnesh52@gmail.com,Victor@58
abcnesh53@gmail.com,Victor@59
abcnesh54@gmail.com,Victor@60
abcnesh55@gmail.com,Victor@61
abcnesh56@gmail.com,Victor@62
abcnesh57@gmail.com,Victor@63
abcnesh58@gmail.com,Victor@64
abcnesh59@gmail.com,Victor@65
abcnesh60@gmail.com,Victor@66
abcnesh61@gmail.com,Victor@67
abcnesh62@gmail.com,Victor@68
abcnesh63@gmail.com,Victor@69
abcnesh64@gmail.com,Victor@70
abcnesh65@gmail.com,Victor@71
abcnesh66@gmail.com,Victor@72
abcnesh67@gmail.com,Victor@73
abcnesh68@gmail.com,Victor@74
abcnesh69@gmail.com,Victor@75
abcnesh70@gmail.com,Victor@76
abcnesh71@gmail.com,Victor@77
abcnesh72@gmail.com,Victor@78
abcnesh73@gmail.com,Victor@79
abcnesh74@gmail.com,Victor@80
abcnesh75@gmail.com,Victor@81
abcnesh76@gmail.com,Victor@82
abcnesh77@gmail.com,Victor@83
abcnesh78@gmail.com,Victor@84
abcnesh79@gmail.com,Victor@85
abcnesh80@gmail.com,Victor@86
abcnesh81@gmail.com,Victor@87
abcnesh82@gmail.com,Victor@88
abcnesh83@gmail.com,Victor@89
abcnesh84@gmail.com,Victor@90
abcnesh85@gmail.com,Victor@91
abcnesh86@gmail.com,Victor@92
abcnesh87@gmail.com,Victor@93
abcnesh88@gmail.com,Victor@94
abcnesh89@gmail.com,Victor@95
abcnesh90@gmail.com,Victor@96
abcnesh91@gmail.com,Victor@97
abcnesh92@gmail.com,Victor@98
abcnesh93@gmail.com,Victor@99
abcnesh94@gmail.com,Victor@100
abcnesh95@gmail.com,Victor@101
abcnesh96@gmail.com,Victor@102
abcnesh97@gmail.com,Victor@103
abcnesh98@gmail.com,Victor@104
abcnesh99@gmail.com,Victor@105
abcnesh100@gmail.com,Victor@106
abcnesh101@gmail.com,Victor@107
abcnesh102@gmail.com,Victor@108
abcnesh103@gmail.com,Victor@109
abcnesh104@gmail.com,Victor@110
abcnesh105@gmail.com,Victor@111
abcnesh106@gmail.com,Victor@112
abcnesh107@gmail.com,Victor@113
abcnesh108@gmail.com,Victor@114
abcnesh109@gmail.com,Victor@115
abcnesh110@gmail.com,Victor@116
abcnesh111@gmail.com,Victor@117
abcnesh112@gmail.com,Victor@118
abcnesh113@gmail.com,Victor@119
abcnesh114@gmail.com,Victor@120
abcnesh115@gmail.com,Victor@121
abcnesh116@gmail.com,Victor@122
abcnesh117@gmail.com,Victor@123
abcnesh118@gmail.com,Victor@124
abcnesh119@gmail.com,Victor@125
abcnesh120@gmail.com,Victor@126
abcnesh121@gmail.com,Victor@127
abcnesh122@gmail.com,Victor@128
abcnesh123@gmail.com,Victor@129
abcnesh124@gmail.com,Victor@130
abcnesh125@gmail.com,Victor@131
abcnesh126@gmail.com,Victor@132
abcnesh127@gmail.com,Victor@133
abcnesh128@gmail.com,Victor@134
abcnesh129@gmail.com,Victor@135
abcnesh130@gmail.com,Victor@136
abcnesh131@gmail.com,Victor@137
abcnesh132@gmail.com,Victor@138
abcnesh133@gmail.com,Victor@139
abcnesh134@gmail.com,Victor@140
abcnesh135@gmail.com,Victor@141
abcnesh136@gmail.com,Victor@142
abcnesh137@gmail.com,Victor@143
abcnesh138@gmail.com,Victor@144
abcnesh139@gmail.com,Victor@145
abcnesh140@gmail.com,Victor@146
abcnesh141@gmail.com,Victor@147
abcnesh142@gmail.com,Victor@148
abcnesh143@gmail.com,Victor@149
abcnesh144@gmail.com,Victor@150
abcnesh145@gmail.com,Victor@151
abcnesh146@gmail.com,Victor@152
abcnesh147@gmail.com,Victor@153
abcnesh148@gmail.com,Victor@154
abcnesh149@gmail.com,Victor@155
abcnesh150@gmail.com,Victor@156
abcnesh151@gmail.com,Victor@157
abcnesh152@gmail.com,Victor@158
abcnesh153@gmail.com,Victor@159
abcnesh154@gmail.com,Victor@160
abcnesh155@gmail.com,Victor@161
abcnesh156@gmail.com,Victor@162
abcnesh157@gmail.com,Victor@163
abcnesh158@gmail.com,Victor@164
abcnesh159@gmail.com,Victor@165
abcnesh160@gmail.com,Victor@166
abcnesh161@gmail.com,Victor@167
abcnesh162@gmail.com,Victor@168
abcnesh163@gmail.com,Victor@169
abcnesh164@gmail.com,Victor@170
abcnesh165@gmail.com,Victor@171
abcnesh166@gmail.com,Victor@172
abcnesh167@gmail.com,Victor@173
abcnesh168@gmail.com,Victor@174
abcnesh169@gmail.com,Victor@175
abcnesh170@gmail.com,Victor@176
abcnesh171@gmail.com,Victor@177
abcnesh172@gmail.com,Victor@178
abcnesh173@gmail.com,Victor@179
abcnesh174@gmail.com,Victor@180
abcnesh175@gmail.com,Victor@181
abcnesh176@gmail.com,Victor@182
abcnesh177@gmail.com,Victor@183
abcnesh178@gmail.com,Victor@184
abcnesh179@gmail.com,Victor@185
abcnesh180@gmail.com,Victor@186
abcnesh181@gmail.com,Victor@187
abcnesh182@gmail.com,Victor@188
abcnesh183@gmail.com,Victor@189
abcnesh184@gmail.com,Victor@190
abcnesh185@gmail.com,Victor@191
abcnesh186@gmail.com,Victor@192
abcnesh187@gmail.com,Victor@193
abcnesh188@gmail.com,Victor@194
abcnesh189@gmail.com,Victor@195
abcnesh190@gmail.com,Victor@196
abcnesh191@gmail.com,Victor@197
abcnesh192@gmail.com,Victor@198
abcnesh193@gmail.com,Victor@199
abcnesh194@gmail.com,Victor@200
abcnesh195@gmail.com,Victor@201
abcnesh196@gmail.com,Victor@202
abcnesh197@gmail.com,Victor@203
abcnesh198@gmail.com,Victor@204
abcnesh199@gmail.com,Victor@205
abcnesh200@gmail.com,Victor@206
abcnesh201@gmail.com,Victor@207
abcnesh202@gmail.com,Victor@208
abcnesh203@gmail.com,Victor@209
abcnesh204@gmail.com,Victor@210
abcnesh205@gmail.com,Victor@211
abcnesh206@gmail.com,Victor@212
abcnesh207@gmail.com,Victor@213
abcnesh208@gmail.com,Victor@214
abcnesh209@gmail.com,Victor@215
abcnesh210@gmail.com,Victor@216
abcnesh211@gmail.com,Victor@217
abcnesh212@gmail.com,Victor@218
abcnesh213@gmail.com,Victor@219
abcnesh214@gmail.com,Victor@220
abcnesh215@gmail.com,Victor@221
abcnesh216@gmail.com,Victor@222
abcnesh217@gmail.com,Victor@223
abcnesh218@gmail.com,Victor@224
abcnesh219@gmail.com,Victor@225
abcnesh220@gmail.com,Victor@226
abcnesh221@gmail.com,Victor@227
abcnesh222@gmail.com,Victor@228
abcnesh223@gmail.com,Victor@229
abcnesh224@gmail.com,Victor@230
abcnesh225@gmail.com,Victor@231
abcnesh226@gmail.com,Victor@232
abcnesh227@gmail.com,Victor@233
abcnesh228@gmail.com,Victor@234
abcnesh229@gmail.com,Victor@235
abcnesh230@gmail.com,Victor@236
abcnesh231@gmail.com,Victor@237
abcnesh232@gmail.com,Victor@238
abcnesh233@gmail.com,Victor@239
abcnesh234@gmail.com,Victor@240
abcnesh235@gmail.com,Victor@241
abcnesh236@gmail.com,Victor@242
abcnesh237@gmail.com,Victor@243
abcnesh238@gmail.com,Victor@244
abcnesh239@gmail.com,Victor@245
abcnesh240@gmail.com,Victor@246
abcnesh241@gmail.com,Victor@247
abcnesh242@gmail.com,Victor@248
abcnesh243@gmail.com,Victor@249
abcnesh244@gmail.com,Victor@250
abcnesh245@gmail.com,Victor@251
abcnesh246@gmail.com,Victor@252
abcnesh247@gmail.com,Victor@253
abcnesh248@gmail.com,Victor@254
abcnesh249@gmail.com,Victor@255
abcnesh250@gmail.com,Victor@256
abcnesh251@gmail.com,Victor@257
abcnesh252@gmail.com,Victor@258
abcnesh253@gmail.com,Victor@259
abcnesh254@gmail.com,Victor@260
abcnesh255@gmail.com,Victor@261
abcnesh256@gmail.com,Victor@262
abcnesh257@gmail.com,Victor@263
abcnesh258@gmail.com,Victor@264
abcnesh259@gmail.com,Victor@265
abcnesh260@gmail.com,Victor@266
abcnesh261@gmail.com,Victor@267
abcnesh262@gmail.com,Victor@268
abcnesh263@gmail.com,Victor@269
abcnesh264@gmail.com,Victor@270
abcnesh265@gmail.com,Victor@271
abcnesh266@gmail.com,Victor@272
abcnesh267@gmail.com,Victor@273
abcnesh268@gmail.com,Victor@274
abcnesh269@gmail.com,Victor@275
abcnesh270@gmail.com,Victor@276
abcnesh271@gmail.com,Victor@277
abcnesh272@gmail.com,Victor@278
abcnesh273@gmail.com,Victor@279
abcnesh274@gmail.com,Victor@280
abcnesh275@gmail.com,Victor@281
abcnesh276@gmail.com,Victor@282
abcnesh277@gmail.com,Victor@283
abcnesh278@gmail.com,Victor@284
abcnesh279@gmail.com,Victor@285
abcnesh280@gmail.com,Victor@286
abcnesh281@gmail.com,Victor@287
abcnesh282@gmail.com,Victor@288
abcnesh283@gmail.com,Victor@289
abcnesh284@gmail.com,Victor@290
abcnesh285@gmail.com,Victor@291
abcnesh286@gmail.com,Victor@292
abcnesh287@gmail.com,Victor@293
abcnesh288@gmail.com,Victor@294
abcnesh289@gmail.com,Victor@295
abcnesh290@gmail.com,Victor@296
abcnesh291@gmail.com,Victor@297
abcnesh292@gmail.com,Victor@298
abcnesh293@gmail.com,Victor@299
abcnesh294@gmail.com,Victor@300
abcnesh295@gmail.com,Victor@301
abcnesh296@gmail.com,Victor@302
abcnesh297@gmail.com,Victor@303
abcnesh298@gmail.com,Victor@304
abcnesh299@gmail.com,Victor@305
abcnesh300@gmail.com,Victor@306
abcnesh301@gmail.com,Victor@307
abcnesh302@gmail.com,Victor@308
abcnesh303@gmail.com,Victor@309
abcnesh304@gmail.com,Victor@310
abcnesh305@gmail.com,Victor@311
abcnesh306@gmail.com,Victor@312
abcnesh307@gmail.com,Victor@313
abcnesh308@gmail.com,Victor@314
abcnesh309@gmail.com,Victor@315
abcnesh310@gmail.com,Victor@316
abcnesh311@gmail.com,Victor@317
abcnesh312@gmail.com,Victor@318
abcnesh313@gmail.com,Victor@319
abcnesh314@gmail.com,Victor@320
abcnesh315@gmail.com,Victor@321
abcnesh316@gmail.com,Victor@322
abcnesh317@gmail.com,Victor@323
abcnesh318@gmail.com,Victor@324
abcnesh319@gmail.com,Victor@325
abcnesh320@gmail.com,Victor@326
abcnesh321@gmail.com,Victor@327
abcnesh322@gmail.com,Victor@328
abcnesh323@gmail.com,Victor@329
abcnesh324@gmail.com,Victor@330
abcnesh325@gmail.com,Victor@331
abcnesh326@gmail.com,Victor@332
abcnesh327@gmail.com,Victor@333
abcnesh328@gmail.com,Victor@334
abcnesh329@gmail.com,Victor@335
abcnesh330@gmail.com,Victor@336
abcnesh331@gmail.com,Victor@337
abcnesh332@gmail.com,Victor@338
abcnesh333@gmail.com,Victor@339
abcnesh334@gmail.com,Victor@340
abcnesh335@gmail.com,Victor@341
abcnesh336@gmail.com,Victor@342
abcnesh337@gmail.com,Victor@343
abcnesh338@gmail.com,Victor@344
abcnesh339@gmail.com,Victor@345
abcnesh340@gmail.com,Victor@346
abcnesh341@gmail.com,Victor@347
abcnesh342@gmail.com,Victor@348
abcnesh343@gmail.com,Victor@349
abcnesh344@gmail.com,Victor@350
abcnesh345@gmail.com,Victor@351
abcnesh346@gmail.com,Victor@352
abcnesh347@gmail.com,Victor@353
abcnesh348@gmail.com,Victor@354
abcnesh349@gmail.com,Victor@355
abcnesh350@gmail.com,Victor@356
abcnesh351@gmail.com,Victor@357
abcnesh352@gmail.com,Victor@358
abcnesh353@gmail.com,Victor@359
abcnesh354@gmail.com,Victor@360
abcnesh355@gmail.com,Victor@361
abcnesh356@gmail.com,Victor@362
abcnesh357@gmail.com,Victor@363
abcnesh358@gmail.com,Victor@364
abcnesh359@gmail.com,Victor@365
abcnesh360@gmail.com,Victor@366
abcnesh361@gmail.com,Victor@367
abcnesh362@gmail.com,Victor@368
abcnesh363@gmail.com,Victor@369
abcnesh364@gmail.com,Victor@370
abcnesh365@gmail.com,Victor@371
abcnesh366@gmail.com,Victor@372
abcnesh367@gmail.com,Victor@373
abcnesh368@gmail.com,Victor@374
abcnesh369@gmail.com,Victor@375
abcnesh370@gmail.com,Victor@376
abcnesh371@gmail.com,Victor@377
abcnesh372@gmail.com,Victor@378
abcnesh373@gmail.com,Victor@379
abcnesh374@gmail.com,Victor@380
abcnesh375@gmail.com,Victor@381
abcnesh376@gmail.com,Victor@382
abcnesh377@gmail.com,Victor@383
abcnesh378@gmail.com,Victor@384
abcnesh379@gmail.com,Victor@385
abcnesh380@gmail.com,Victor@386
abcnesh381@gmail.com,Victor@387
abcnesh382@gmail.com,Victor@388
abcnesh383@gmail.com,Victor@389
abcnesh384@gmail.com,Victor@390
abcnesh385@gmail.com,Victor@391
abcnesh386@gmail.com,Victor@392
abcnesh387@gmail.com,Victor@393
abcnesh388@gmail.com,Victor@394
abcnesh389@gmail.com,Victor@395
abcnesh390@gmail.com,Victor@396
abcnesh391@gmail.com,Victor@397
abcnesh392@gmail.com,Victor@398
abcnesh393@gmail.com,Victor@399
abcnesh394@gmail.com,Victor@400
abcnesh395@gmail.com,Victor@401
abcnesh396@gmail.com,Victor@402
abcnesh397@gmail.com,Victor@403
abcnesh398@gmail.com,Victor@404
abcnesh399@gmail.com,Victor@405
abcnesh400@gmail.com,Victor@406
abcnesh401@gmail.com,Victor@407
abcnesh402@gmail.com,Victor@408
abcnesh403@gmail.com,Victor@409
abcnesh404@gmail.com,Victor@410
abcnesh405@gmail.com,Victor@411
abcnesh406@gmail.com,Victor@412
abcnesh407@gmail.com,Victor@413
abcnesh408@gmail.com,Victor@414
abcnesh409@gmail.com,Victor@415
abcnesh410@gmail.com,Victor@416
abcnesh411@gmail.com,Victor@417
abcnesh412@gmail.com,Victor@418
abcnesh413@gmail.com,Victor@419
abcnesh414@gmail.com,Victor@420
abcnesh415@gmail.com,Victor@421
abcnesh416@gmail.com,Victor@422
abcnesh417@gmail.com,Victor@423
abcnesh418@gmail.com,Victor@424
abcnesh419@gmail.com,Victor@425
abcnesh420@gmail.com,Victor@426
abcnesh421@gmail.com,Victor@427
abcnesh422@gmail.com,Victor@428
abcnesh423@gmail.com,Victor@429
abcnesh424@gmail.com,Victor@430
abcnesh425@gmail.com,Victor@431
abcnesh426@gmail.com,Victor@432
abcnesh427@gmail.com,Victor@433
abcnesh428@gmail.com,Victor@434
abcnesh429@gmail.com,Victor@435
abcnesh430@gmail.com,Victor@436
abcnesh431@gmail.com,Victor@437
abcnesh432@gmail.com,Victor@438
abcnesh433@gmail.com,Victor@439
abcnesh434@gmail.com,Victor@440
abcnesh435@gmail.com,Victor@441
abcnesh436@gmail.com,Victor@442
abcnesh437@gmail.com,Victor@443
abcnesh438@gmail.com,Victor@444
abcnesh439@gmail.com,Victor@445
abcnesh440@gmail.com,Victor@446
abcnesh441@gmail.com,Victor@447
abcnesh442@gmail.com,Victor@448
abcnesh443@gmail.com,Victor@449
abcnesh444@gmail.com,Victor@450
abcnesh445@gmail.com,Victor@451
abcnesh446@gmail.com,Victor@452
abcnesh447@gmail.com,Victor@453
abcnesh448@gmail.com,Victor@454
abcnesh449@gmail.com,Victor@455
abcnesh450@gmail.com,Victor@456
abcnesh451@gmail.com,Victor@457
abcnesh452@gmail.com,Victor@458
abcnesh453@gmail.com,Victor@459
abcnesh454@gmail.com,Victor@460
abcnesh455@gmail.com,Victor@461
abcnesh456@gmail.com,Victor@462
abcnesh457@gmail.com,Victor@463
abcnesh458@gmail.com,Victor@464
abcnesh459@gmail.com,Victor@465
abcnesh460@gmail.com,Victor@466
abcnesh461@gmail.com,Victor@467
abcnesh462@gmail.com,Victor@468
abcnesh463@gmail.com,Victor@469
abcnesh464@gmail.com,Victor@470
abcnesh465@gmail.com,Victor@471
abcnesh466@gmail.com,Victor@472
abcnesh467@gmail.com,Victor@473
abcnesh468@gmail.com,Victor@474
abcnesh469@gmail.com,Victor@475
abcnesh470@gmail.com,Victor@476
abcnesh471@gmail.com,Victor@477
abcnesh472@gmail.com,Victor@478
abcnesh473@gmail.com,Victor@479
abcnesh474@gmail.com,Victor@480
abcnesh475@gmail.com,Victor@481
abcnesh476@gmail.com,Victor@482
abcnesh477@gmail.com,Victor@483
abcnesh478@gmail.com,Victor@484
abcnesh479@gmail.com,Victor@485
abcnesh480@gmail.com,Victor@486
abcnesh481@gmail.com,Victor@487
abcnesh482@gmail.com,Victor@488
abcnesh483@gmail.com,Victor@489
abcnesh484@gmail.com,Victor@490
abcnesh485@gmail.com,Victor@491
abcnesh486@gmail.com,Victor@492
abcnesh487@gmail.com,Victor@493
abcnesh488@gmail.com,Victor@494
abcnesh489@gmail.com,Victor@495
abcnesh490@gmail.com,Victor@496
abcnesh491@gmail.com,Victor@497
abcnesh492@gmail.com,Victor@498
abcnesh493@gmail.com,Victor@499
abcnesh494@gmail.com,Victor@500
abcnesh495@gmail.com,Victor@501
abcnesh496@gmail.com,Victor@502
abcnesh497@gmail.com,Victor@503
abcnesh498@gmail.com,Victor@504
abcnesh499@gmail.com,Victor@505
abcnesh500@gmail.com,Victor@506
abcnesh501@gmail.com,Victor@507
abcnesh502@gmail.com,Victor@508
abcnesh503@gmail.com,Victor@509
abcnesh504@gmail.com,Victor@510
abcnesh505@gmail.com,Victor@511
abcnesh506@gmail.com,Victor@512
abcnesh507@gmail.com,Victor@513
abcnesh508@gmail.com,Victor@514
abcnesh509@gmail.com,Victor@515
abcnesh510@gmail.com,Victor@516
abcnesh511@gmail.com,Victor@517
abcnesh512@gmail.com,Victor@518
abcnesh513@gmail.com,Victor@519
abcnesh514@gmail.com,Victor@520
abcnesh515@gmail.com,Victor@521
abcnesh516@gmail.com,Victor@522
abcnesh517@gmail.com,Victor@523
abcnesh518@gmail.com,Victor@524
abcnesh519@gmail.com,Victor@525
abcnesh520@gmail.com,Victor@526
abcnesh521@gmail.com,Victor@527
abcnesh522@gmail.com,Victor@528
abcnesh523@gmail.com,Victor@529
abcnesh524@gmail.com,Victor@530
abcnesh525@gmail.com,Victor@531
abcnesh526@gmail.com,Victor@532
abcnesh527@gmail.com,Victor@533
abcnesh528@gmail.com,Victor@534
abcnesh529@gmail.com,Victor@535
abcnesh530@gmail.com,Victor@536
abcnesh531@gmail.com,Victor@537
abcnesh532@gmail.com,Victor@538
abcnesh533@gmail.com,Victor@539
abcnesh534@gmail.com,Victor@540
abcnesh535@gmail.com,Victor@541
abcnesh536@gmail.com,Victor@542
abcnesh537@gmail.com,Victor@543
abcnesh538@gmail.com,Victor@544
abcnesh539@gmail.com,Victor@545
abcnesh540@gmail.com,Victor@546
abcnesh541@gmail.com,Victor@547
abcnesh542@gmail.com,Victor@548
abcnesh543@gmail.com,Victor@549
abcnesh544@gmail.com,Victor@550
abcnesh545@gmail.com,Victor@551
abcnesh546@gmail.com,Victor@552
abcnesh547@gmail.com,Victor@553
abcnesh548@gmail.com,Victor@554
abcnesh549@gmail.com,Victor@555
abcnesh550@gmail.com,Victor@556
abcnesh551@gmail.com,Victor@557
abcnesh552@gmail.com,Victor@558
abcnesh553@gmail.com,Victor@559
abcnesh554@gmail.com,Victor@560
abcnesh555@gmail.com,Victor@561
abcnesh556@gmail.com,Victor@562
abcnesh557@gmail.com,Victor@563
abcnesh558@gmail.com,Victor@564
abcnesh559@gmail.com,Victor@565
abcnesh560@gmail.com,Victor@566
abcnesh561@gmail.com,Victor@567
abcnesh562@gmail.com,Victor@568
abcnesh563@gmail.com,Victor@569
abcnesh564@gmail.com,Victor@570
abcnesh565@gmail.com,Victor@571
abcnesh566@gmail.com,Victor@572
abcnesh567@gmail.com,Victor@573
abcnesh568@gmail.com,Victor@574
abcnesh569@gmail.com,Victor@575
abcnesh570@gmail.com,Victor@576
abcnesh571@gmail.com,Victor@577
abcnesh572@gmail.com,Victor@578
abcnesh573@gmail.com,Victor@579
abcnesh574@gmail.com,Victor@580
abcnesh575@gmail.com,Victor@581
abcnesh576@gmail.com,Victor@582
abcnesh577@gmail.com,Victor@583
abcnesh578@gmail.com,Victor@584
abcnesh579@gmail.com,Victor@585
abcnesh580@gmail.com,Victor@586
abcnesh581@gmail.com,Victor@587
abcnesh582@gmail.com,Victor@588
abcnesh583@gmail.com,Victor@589
abcnesh584@gmail.com,Victor@590
abcnesh585@gmail.com,Victor@591
abcnesh586@gmail.com,Victor@592
abcnesh587@gmail.com,Victor@593
abcnesh588@gmail.com,Victor@594
abcnesh589@gmail.com,Victor@595
abcnesh590@gmail.com,Victor@596
abcnesh591@gmail.com,Victor@597
abcnesh592@gmail.com,Victor@598
abcnesh593@gmail.com,Victor@599
abcnesh594@gmail.com,Victor@600
abcnesh595@gmail.com,Victor@601
abcnesh596@gmail.com,Victor@602
abcnesh597@gmail.com,Victor@603
abcnesh598@gmail.com,Victor@604
abcnesh599@gmail.com,Victor@605
abcnesh600@gmail.com,Victor@606
abcnesh601@gmail.com,Victor@607
abcnesh602@gmail.com,Victor@608
abcnesh603@gmail.com,Victor@609
abcnesh604@gmail.com,Victor@610
abcnesh605@gmail.com,Victor@611
abcnesh606@gmail.com,Victor@612
abcnesh607@gmail.com,Victor@613
abcnesh608@gmail.com,Victor@614
abcnesh609@gmail.com,Victor@615
abcnesh610@gmail.com,Victor@616
abcnesh611@gmail.com,Victor@617
abcnesh612@gmail.com,Victor@618
abcnesh613@gmail.com,Victor@619
abcnesh614@gmail.com,Victor@620
abcnesh615@gmail.com,Victor@621
abcnesh616@gmail.com,Victor@622
abcnesh617@gmail.com,Victor@623
abcnesh618@gmail.com,Victor@624
abcnesh619@gmail.com,Victor@625
abcnesh620@gmail.com,Victor@626
abcnesh621@gmail.com,Victor@627
abcnesh622@gmail.com,Victor@628
abcnesh623@gmail.com,Victor@629
abcnesh624@gmail.com,Victor@630
abcnesh625@gmail.com,Victor@631
abcnesh626@gmail.com,Victor@632
abcnesh627@gmail.com,Victor@633
abcnesh628@gmail.com,Victor@634
abcnesh629@gmail.com,Victor@635
abcnesh630@gmail.com,Victor@636
abcnesh631@gmail.com,Victor@637
abcnesh632@gmail.com,Victor@638
abcnesh633@gmail.com,Victor@639
abcnesh634@gmail.com,Victor@640
abcnesh635@gmail.com,Victor@641
abcnesh636@gmail.com,Victor@642
abcnesh637@gmail.com,Victor@643
abcnesh638@gmail.com,Victor@644
abcnesh639@gmail.com,Victor@645
abcnesh640@gmail.com,Victor@646
abcnesh641@gmail.com,Victor@647
abcnesh642@gmail.com,Victor@648
abcnesh643@gmail.com,Victor@649
abcnesh644@gmail.com,Victor@650
abcnesh645@gmail.com,Victor@651
abcnesh646@gmail.com,Victor@652
abcnesh647@gmail.com,Victor@653
abcnesh648@gmail.com,Victor@654
abcnesh649@gmail.com,Victor@655
abcnesh650@gmail.com,Victor@656
abcnesh651@gmail.com,Victor@657
abcnesh652@gmail.com,Victor@658
abcnesh653@gmail.com,Victor@659
abcnesh654@gmail.com,Victor@660
abcnesh655@gmail.com,Victor@661
abcnesh656@gmail.com,Victor@662
abcnesh657@gmail.com,Victor@663
abcnesh658@gmail.com,Victor@664
abcnesh659@gmail.com,Victor@665
abcnesh660@gmail.com,Victor@666
abcnesh661@gmail.com,Victor@667
abcnesh662@gmail.com,Victor@668
abcnesh663@gmail.com,Victor@669
abcnesh664@gmail.com,Victor@670
abcnesh665@gmail.com,Victor@671
abcnesh666@gmail.com,Victor@672
abcnesh667@gmail.com,Victor@673
abcnesh668@gmail.com,Victor@674
abcnesh669@gmail.com,Victor@675
abcnesh670@gmail.com,Victor@676
abcnesh671@gmail.com,Victor@677
abcnesh672@gmail.com,Victor@678
abcnesh673@gmail.com,Victor@679
abcnesh674@gmail.com,Victor@680
abcnesh675@gmail.com,Victor@681
abcnesh676@gmail.com,Victor@682
abcnesh677@gmail.com,Victor@683
abcnesh678@gmail.com,Victor@684
abcnesh679@gmail.com,Victor@685
abcnesh680@gmail.com,Victor@686
abcnesh681@gmail.com,Victor@687
abcnesh682@gmail.com,Victor@688
abcnesh683@gmail.com,Victor@689
abcnesh684@gmail.com,Victor@690
abcnesh685@gmail.com,Victor@691
abcnesh686@gmail.com,Victor@692
abcnesh687@gmail.com,Victor@693
abcnesh688@gmail.com,Victor@694
abcnesh689@gmail.com,Victor@695
abcnesh690@gmail.com,Victor@696
abcnesh691@gmail.com,Victor@697
abcnesh692@gmail.com,Victor@698
abcnesh693@gmail.com,Victor@699
abcnesh694@gmail.com,Victor@700
abcnesh695@gmail.com,Victor@701
abcnesh696@gmail.com,Victor@702
abcnesh697@gmail.com,Victor@703
abcnesh698@gmail.com,Victor@704
abcnesh699@gmail.com,Victor@705
abcnesh700@gmail.com,Victor@706
abcnesh701@gmail.com,Victor@707
abcnesh702@gmail.com,Victor@708
abcnesh703@gmail.com,Victor@709
abcnesh704@gmail.com,Victor@710
abcnesh705@gmail.com,Victor@711
abcnesh706@gmail.com,Victor@712
abcnesh707@gmail.com,Victor@713
abcnesh708@gmail.com,Victor@714
abcnesh709@gmail.com,Victor@715
abcnesh710@gmail.com,Victor@716
abcnesh711@gmail.com,Victor@717
abcnesh712@gmail.com,Victor@718
abcnesh713@gmail.com,Victor@719
abcnesh714@gmail.com,Victor@720
abcnesh715@gmail.com,Victor@721
abcnesh716@gmail.com,Victor@722
abcnesh717@gmail.com,Victor@723
abcnesh718@gmail.com,Victor@724
abcnesh719@gmail.com,Victor@725
abcnesh720@gmail.com,Victor@726
abcnesh721@gmail.com,Victor@727
abcnesh722@gmail.com,Victor@728
abcnesh723@gmail.com,Victor@729
abcnesh724@gmail.com,Victor@730
abcnesh725@gmail.com,Victor@731
abcnesh726@gmail.com,Victor@732
abcnesh727@gmail.com,Victor@733
abcnesh728@gmail.com,Victor@734
abcnesh729@gmail.com,Victor@735
abcnesh730@gmail.com,Victor@736
abcnesh731@gmail.com,Victor@737
abcnesh732@gmail.com,Victor@738
abcnesh733@gmail.com,Victor@739
abcnesh734@gmail.com,Victor@740
abcnesh735@gmail.com,Victor@741
abcnesh736@gmail.com,Victor@742
abcnesh737@gmail.com,Victor@743
abcnesh738@gmail.com,Victor@744
abcnesh739@gmail.com,Victor@745
abcnesh740@gmail.com,Victor@746
abcnesh741@gmail.com,Victor@747
abcnesh742@gmail.com,Victor@748
abcnesh743@gmail.com,Victor@749
abcnesh744@gmail.com,Victor@750
abcnesh745@gmail.com,Victor@751
abcnesh746@gmail.com,Victor@752
abcnesh747@gmail.com,Victor@753
abcnesh748@gmail.com,Victor@754
abcnesh749@gmail.com,Victor@755
abcnesh750@gmail.com,Victor@756
abcnesh751@gmail.com,Victor@757
abcnesh752@gmail.com,Victor@758
abcnesh753@gmail.com,Victor@759
abcnesh754@gmail.com,Victor@760
abcnesh755@gmail.com,Victor@761
abcnesh756@gmail.com,Victor@762
abcnesh757@gmail.com,Victor@763
abcnesh758@gmail.com,Victor@764
abcnesh759@gmail.com,Victor@765
abcnesh760@gmail.com,Victor@766
abcnesh761@gmail.com,Victor@767
abcnesh762@gmail.com,Victor@768
abcnesh763@gmail.com,Victor@769
abcnesh764@gmail.com,Victor@770
abcnesh765@gmail.com,Victor@771
abcnesh766@gmail.com,Victor@772
abcnesh767@gmail.com,Victor@773
abcnesh768@gmail.com,Victor@774
abcnesh769@gmail.com,Victor@775
abcnesh770@gmail.com,Victor@776
abcnesh771@gmail.com,Victor@777
abcnesh772@gmail.com,Victor@778
abcnesh773@gmail.com,Victor@779
abcnesh774@gmail.com,Victor@780
abcnesh775@gmail.com,Victor@781
abcnesh776@gmail.com,Victor@782
abcnesh777@gmail.com,Victor@783
abcnesh778@gmail.com,Victor@784
abcnesh779@gmail.com,Victor@785
abcnesh780@gmail.com,Victor@786
abcnesh781@gmail.com,Victor@787
abcnesh782@gmail.com,Victor@788
abcnesh783@gmail.com,Victor@789
abcnesh784@gmail.com,Victor@790
abcnesh785@gmail.com,Victor@791
abcnesh786@gmail.com,Victor@792
abcnesh787@gmail.com,Victor@793
abcnesh788@gmail.com,Victor@794
abcnesh789@gmail.com,Victor@795
abcnesh790@gmail.com,Victor@796
abcnesh791@gmail.com,Victor@797
abcnesh792@gmail.com,Victor@798
abcnesh793@gmail.com,Victor@799
abcnesh794@gmail.com,Victor@800
abcnesh795@gmail.com,Victor@801
abcnesh796@gmail.com,Victor@802
abcnesh797@gmail.com,Victor@803
abcnesh798@gmail.com,Victor@804
abcnesh799@gmail.com,Victor@805
abcnesh800@gmail.com,Victor@806
abcnesh801@gmail.com,Victor@807
abcnesh802@gmail.com,Victor@808
abcnesh803@gmail.com,Victor@809
abcnesh804@gmail.com,Victor@810
abcnesh805@gmail.com,Victor@811
abcnesh806@gmail.com,Victor@812
abcnesh807@gmail.com,Victor@813
abcnesh808@gmail.com,Victor@814
abcnesh809@gmail.com,Victor@815
abcnesh810@gmail.com,Victor@816
abcnesh811@gmail.com,Victor@817
abcnesh812@gmail.com,Victor@818
abcnesh813@gmail.com,Victor@819
abcnesh814@gmail.com,Victor@820
abcnesh815@gmail.com,Victor@821
abcnesh816@gmail.com,Victor@822
abcnesh817@gmail.com,Victor@823
abcnesh818@gmail.com,Victor@824
abcnesh819@gmail.com,Victor@825
abcnesh820@gmail.com,Victor@826
abcnesh821@gmail.com,Victor@827
abcnesh822@gmail.com,Victor@828
abcnesh823@gmail.com,Victor@829
abcnesh824@gmail.com,Victor@830
abcnesh825@gmail.com,Victor@831
abcnesh826@gmail.com,Victor@832
abcnesh827@gmail.com,Victor@833
abcnesh828@gmail.com,Victor@834
abcnesh829@gmail.com,Victor@835
abcnesh830@gmail.com,Victor@836
abcnesh831@gmail.com,Victor@837
abcnesh832@gmail.com,Victor@838
abcnesh833@gmail.com,Victor@839
abcnesh834@gmail.com,Victor@840
abcnesh835@gmail.com,Victor@841
abcnesh836@gmail.com,Victor@842
abcnesh837@gmail.com,Victor@843
abcnesh838@gmail.com,Victor@844
abcnesh839@gmail.com,Victor@845
abcnesh840@gmail.com,Victor@846
abcnesh841@gmail.com,Victor@847
abcnesh842@gmail.com,Victor@848
abcnesh843@gmail.com,Victor@849
abcnesh844@gmail.com,Victor@850
abcnesh845@gmail.com,Victor@851
abcnesh846@gmail.com,Victor@852
abcnesh847@gmail.com,Victor@853
abcnesh848@gmail.com,Victor@854
abcnesh849@gmail.com,Victor@855
abcnesh850@gmail.com,Victor@856
abcnesh851@gmail.com,Victor@857
abcnesh852@gmail.com,Victor@858
abcnesh853@gmail.com,Victor@859
abcnesh854@gmail.com,Victor@860
abcnesh855@gmail.com,Victor@861
abcnesh856@gmail.com,Victor@862
abcnesh857@gmail.com,Victor@863
abcnesh858@gmail.com,Victor@864
abcnesh859@gmail.com,Victor@865
abcnesh860@gmail.com,Victor@866
abcnesh861@gmail.com,Victor@867
abcnesh862@gmail.com,Victor@868
abcnesh863@gmail.com,Victor@869
abcnesh864@gmail.com,Victor@870
abcnesh865@gmail.com,Victor@871
abcnesh866@gmail.com,Victor@872
abcnesh867@gmail.com,Victor@873
abcnesh868@gmail.com,Victor@874
abcnesh869@gmail.com,Victor@875
abcnesh870@gmail.com,Victor@876
abcnesh871@gmail.com,Victor@877
abcnesh872@gmail.com,Victor@878
abcnesh873@gmail.com,Victor@879
abcnesh874@gmail.com,Victor@880
abcnesh875@gmail.com,Victor@881
abcnesh876@gmail.com,Victor@882
abcnesh877@gmail.com,Victor@883
abcnesh878@gmail.com,Victor@884
abcnesh879@gmail.com,Victor@885
abcnesh880@gmail.com,Victor@886
abcnesh881@gmail.com,Victor@887
abcnesh882@gmail.com,Victor@888
abcnesh883@gmail.com,Victor@889
abcnesh884@gmail.com,Victor@890
abcnesh885@gmail.com,Victor@891
abcnesh886@gmail.com,Victor@892
abcnesh887@gmail.com,Victor@893
abcnesh888@gmail.com,Victor@894
abcnesh889@gmail.com,Victor@895
abcnesh890@gmail.com,Victor@896
abcnesh891@gmail.com,Victor@897
abcnesh892@gmail.com,Victor@898
abcnesh893@gmail.com,Victor@899
abcnesh894@gmail.com,Victor@900
abcnesh895@gmail.com,Victor@901
abcnesh896@gmail.com,Victor@902
abcnesh897@gmail.com,Victor@903
abcnesh898@gmail.com,Victor@904
abcnesh899@gmail.com,Victor@905
abcnesh900@gmail.com,Victor@906
abcnesh901@gmail.com,Victor@907
abcnesh902@gmail.com,Victor@908
abcnesh903@gmail.com,Victor@909
abcnesh904@gmail.com,Victor@910
abcnesh905@gmail.com,Victor@911
abcnesh906@gmail.com,Victor@912
abcnesh907@gmail.com,Victor@913
abcnesh908@gmail.com,Victor@914
abcnesh909@gmail.com,Victor@915
abcnesh910@gmail.com,Victor@916
abcnesh911@gmail.com,Victor@917
abcnesh912@gmail.com,Victor@918
abcnesh913@gmail.com,Victor@919
abcnesh914@gmail.com,Victor@920
abcnesh915@gmail.com,Victor@921
abcnesh916@gmail.com,Victor@922
abcnesh917@gmail.com,Victor@923
abcnesh918@gmail.com,Victor@924
abcnesh919@gmail.com,Victor@925
abcnesh920@gmail.com,Victor@926
abcnesh921@gmail.com,Victor@927
abcnesh922@gmail.com,Victor@928
abcnesh923@gmail.com,Victor@929
abcnesh924@gmail.com,Victor@930
abcnesh925@gmail.com,Victor@931
abcnesh926@gmail.com,Victor@932
abcnesh927@gmail.com,Victor@933
abcnesh928@gmail.com,Victor@934
abcnesh929@gmail.com,Victor@935
abcnesh930@gmail.com,Victor@936
abcnesh931@gmail.com,Victor@937
abcnesh932@gmail.com,Victor@938
abcnesh933@gmail.com,Victor@939
abcnesh934@gmail.com,Victor@940
abcnesh935@gmail.com,Victor@941
abcnesh936@gmail.com,Victor@942
abcnesh937@gmail.com,Victor@943
abcnesh938@gmail.com,Victor@944
abcnesh939@gmail.com,Victor@945
abcnesh940@gmail.com,Victor@946
abcnesh941@gmail.com,Victor@947
abcnesh942@gmail.com,Victor@948
abcnesh943@gmail.com,Victor@949
abcnesh944@gmail.com,Victor@950
abcnesh945@gmail.com,Victor@951
abcnesh946@gmail.com,Victor@952
abcnesh947@gmail.com,Victor@953
abcnesh948@gmail.com,Victor@954
abcnesh949@gmail.com,Victor@955
abcnesh950@gmail.com,Victor@956
abcnesh951@gmail.com,Victor@957
abcnesh952@gmail.com,Victor@958
abcnesh953@gmail.com,Victor@959
abcnesh954@gmail.com,Victor@960
abcnesh955@gmail.com,Victor@961
abcnesh956@gmail.com,Victor@962
abcnesh957@gmail.com,Victor@963
abcnesh958@gmail.com,Victor@964
abcnesh959@gmail.com,Victor@965
abcnesh960@gmail.com,Victor@966
abcnesh961@gmail.com,Victor@967
abcnesh962@gmail.com,Victor@968
abcnesh963@gmail.com,Victor@969
abcnesh964@gmail.com,Victor@970
abcnesh965@gmail.com,Victor@971
abcnesh966@gmail.com,Victor@972
abcnesh967@gmail.com,Victor@973
abcnesh968@gmail.com,Victor@974
abcnesh969@gmail.com,Victor@975
abcnesh970@gmail.com,Victor@976
abcnesh971@gmail.com,Victor@977
abcnesh972@gmail.com,Victor@978
abcnesh973@gmail.com,Victor@979
abcnesh974@gmail.com,Victor@980
abcnesh975@gmail.com,Victor@981
abcnesh976@gmail.com,Victor@982
abcnesh977@gmail.com,Victor@983
abcnesh978@gmail.com,Victor@984
abcnesh979@gmail.com,Victor@985
abcnesh980@gmail.com,Victor@986
abcnesh981@gmail.com,Victor@987
abcnesh982@gmail.com,Victor@988
abcnesh983@gmail.com,Victor@989
abcnesh984@gmail.com,Victor@990
abcnesh985@gmail.com,Victor@991
abcnesh986@gmail.com,Victor@992
abcnesh987@gmail.com,Victor@993
abcnesh988@gmail.com,Victor@994
abcnesh989@gmail.com,Victor@995
abcnesh990@gmail.com,Victor@996
abcnesh991@gmail.com,Victor@997
abcnesh992@gmail.com,Victor@998
abcnesh993@gmail.com,Victor@999
abcnesh994@gmail.com,Victor@1000
abcnesh995@gmail.com,Victor@1001
abcnesh996@gmail.com,Victor@1002
abcnesh997@gmail.com,Victor@1003
abcnesh998@gmail.com,Victor@1004
abcnesh999@gmail.com,Victor@1005
